{
  "tree": ["((t1:98.24685879,((t3:34.85035737,t4:34.85035737):31.05286929,((t9:5.18082695,t10:5.18082695):37.57215729,(t7:22.2258192,t8:22.2258192):20.52716504):23.15024243):32.34363213):1.753141206,((t5:28.99894892,t6:28.99894892):15.55959784,t2:44.55854676):55.44145324);"],
  "sim_pars": {
    "nSim": [1],
    "nTaxa": [10],
    "treeScale": [100],
    "birthRate": [1],
    "deathRate": [0],
    "parsFixed": [0.16, "NA", 0.035, 0.065],
    "rootValues": [0, 0.06, 0, 0.065],
    "mu": [0, 0, 0, 0],
    "sig2": [0, 0.001, 0, 0],
    "bmBounds": [
      [0, 0],
      [0.05, 0.08],
      [0, 0],
      [0, 1]
    ]
  },
  "tip_traits": {
    "t1": [0.16, 0.0777, 0.035, 0.065],
    "t3": [0.16, 0.0502, 0.035, 0.065],
    "t4": [0.16, 0.0582, 0.035, 0.065],
    "t9": [0.16, 0.0742, 0.035, 0.065],
    "t10": [0.16, 0.0692, 0.035, 0.065],
    "t7": [0.16, 0.0526, 0.035, 0.065],
    "t8": [0.16, 0.0588, 0.035, 0.065],
    "t5": [0.16, 0.075, 0.035, 0.065],
    "t6": [0.16, 0.0733, 0.035, 0.065],
    "t2": [0.16, 0.0761, 0.035, 0.065]
  }
}
