{"tree":["(((t3:52.23612565,t4:52.23612565):6.415791861,((t9:3.463498914,t10:3.463498914):38.51036788,t6:41.97386679):16.67805072):41.34808249,(t1:86.29914891,(t2:55.57661429,((t7:30.52878322,t8:30.52878322):12.4996914,t5:43.02847462):12.54813968):30.72253462):13.70085109);"],"tip_traits":{"t3":[0.16,0.7911,0.035,0.8954],"t4":[0.16,0.3171,0.035,0.9458],"t9":[0.16,0.0252,0.035,0.6016],"t10":[0.16,0.4142,0.035,0.2386],"t6":[0.16,0.4964,0.035,0.4896],"t1":[0.16,0.298,0.035,0.7251],"t2":[0.16,0.765,0.035,0.5743],"t7":[0.16,0.636,0.035,0.7726],"t8":[0.16,0.2627,0.035,0.9078],"t5":[0.16,0.4441,0.035,0.4182]}}
