{
  "tree": ["((t2:68.7884656,t3:68.7884656):31.2115344,(((t7:19.95527724,t8:19.95527724):57.62538052,(t4:54.54099794,(t5:25.69102922,t6:25.69102922):28.84996872):23.03965982):21.38852531,((t9:16.13244327,t10:16.13244327):75.47227941,t1:91.60472268):7.364460391):1.030816932);"],
  "sim_pars": {
    "nSim": [1],
    "nTaxa": [10],
    "treeScale": [100],
    "birthRate": [1],
    "deathRate": [0],
    "parsFixed": [0.16, "NA", 0.035, 0.065],
    "rootValues": [0, 0.06, 0, 0.065],
    "mu": [0, 0, 0, 0],
    "sig2": [0, 0.001, 0, 0],
    "bmBounds": [
      [0, 0],
      [0.05, 0.08],
      [0, 0],
      [0, 1]
    ]
  },
  "tip_traits": {
    "t2": [0.16, 0.0573, 0.035, 0.065],
    "t3": [0.16, 0.0705, 0.035, 0.065],
    "t7": [0.16, 0.0549, 0.035, 0.065],
    "t8": [0.16, 0.0634, 0.035, 0.065],
    "t4": [0.16, 0.0691, 0.035, 0.065],
    "t5": [0.16, 0.051, 0.035, 0.065],
    "t6": [0.16, 0.0702, 0.035, 0.065],
    "t9": [0.16, 0.0575, 0.035, 0.065],
    "t10": [0.16, 0.0705, 0.035, 0.065],
    "t1": [0.16, 0.0571, 0.035, 0.065]
  }
}
