{
  "tree": ["(((t6:15.52087725,t7:15.52087725):47.8030222,(t3:62.45813524,(t4:27.51594572,t5:27.51594572):34.94218952):0.8657642124):36.67610055,(t1:86.28627782,((t8:9.082050795,(t9:1.036509749,t10:1.036509749):8.045541047):72.86644164,t2:81.94849243):4.337785389):13.71372218);"],
  "tip_traits": {
    "1": [0.16, 0.0642, 0.035, 0.065],
    "2": [0.16, 0.0502, 0.035, 0.065],
    "3": [0.16, 0.0543, 0.035, 0.065],
    "4": [0.16, 0.0756, 0.035, 0.065],
    "5": [0.16, 0.0608, 0.035, 0.065],
    "6": [0.16, 0.067, 0.035, 0.065],
    "7": [0.16, 0.0601, 0.035, 0.065],
    "8": [0.16, 0.0774, 0.035, 0.065],
    "9": [0.16, 0.0697, 0.035, 0.065],
    "10": [0.16, 0.0653, 0.035, 0.065]
  }
}
