{
  "tree": ["((((t7:11.74571163,t8:11.74571163):65.40272665,(t9:11.32359206,t10:11.32359206):65.82484621):2.093384162,((t2:27.71488109,t3:27.71488109):1.386996481,t1:29.10187757):50.13994487):20.75817756,((t5:18.48177935,t6:18.48177935):5.831741898,t4:24.31352125):75.68647875);"],
  "tip_traits": {
    "t7": [0.16, 0.1377, 0.035, 0.065],
    "t8": [0.16, 0.2139, 0.035, 0.065],
    "t9": [0.16, 0.4725, 0.035, 0.065],
    "t10": [0.16, 0.4916, 0.035, 0.065],
    "t2": [0.16, 0.1616, 0.035, 0.065],
    "t3": [0.16, 0.03, 0.035, 0.065],
    "t1": [0.16, 0.1454, 0.035, 0.065],
    "t5": [0.16, 0.2958, 0.035, 0.065],
    "t6": [0.16, 0.3457, 0.035, 0.065],
    "t4": [0.16, 0.1348, 0.035, 0.065]
  }
}
